code;china;khujand;arrival_date
JT5339051168448;true;false;03-01-2025
JT5339395249011;true;false;03-01-2025
JT5339901390553;true;false;03-01-2025
78471924760389;true;false;03-01-2025
YT8728612831531;true;false;03-01-2025
9804002666264;true;false;03-01-2025
JT5339364022405;true;false;03-01-2025
78471889889474;true;false;03-01-2025
777273060849917;true;false;03-01-2025
78471572545671;true;false;03-01-2025
JT5340692511836;true;false;03-01-2025
JT3104362380385;true;false;03-01-2025
YT8727674471213;true;false;03-01-2025
777271673400385;true;false;03-01-2025
434350625469047;true;false;03-01-2025
YT8728645170700;true;false;03-01-2025
JT5339319824389;true;false;03-01-2025
777272178096205;true;false;03-01-2025
777272434115567;true;false;03-01-2025
JT5339332430986;true;false;03-01-2025
78869128778149;true;false;03-01-2025
JT5339283333380;true;false;03-01-2025
9804062457775;true;false;03-01-2025
777272057485652;true;false;03-01-2025
JT5339647090916;true;false;03-01-2025
JT5339339647188;true;false;03-01-2025
777272347506484;true;false;03-01-2025
YT8728495645072;true;false;03-01-2025
YT8727638628497;true;false;03-01-2025
YT8728351243189;true;false;03-01-2025
78472557688899;true;false;03-01-2025
464085751507266;true;false;03-01-2025
777272099502007;true;false;03-01-2025
9803963921453;true;false;03-01-2025
9803977435036;true;false;03-01-2025
464087029571922;true;false;03-01-2025
777272115270792;true;false;03-01-2025
9804015329478;true;false;03-01-2025
YT8728693653093;true;false;03-01-2025
YT8727573502575;true;false;03-01-2025
78471762846828;true;false;03-01-2025
JT5340911926111;true;false;03-01-2025
JT5339871294131;true;false;03-01-2025
777272037320240;true;false;03-01-2025
464080005747968;true;false;03-01-2025
464085434128299;true;false;03-01-2025
JT5339092167084;true;false;03-01-2025
9804068012935;true;false;03-01-2025
YT8727981347658;true;false;03-01-2025
777272098557200;true;false;03-01-2025
JT5339165923423;true;false;03-01-2025
777272020201119;true;false;03-01-2025
9803971320458;true;false;03-01-2025
777272350978047;true;false;03-01-2025
464085067479183;true;false;03-01-2025
464078712502808;true;false;03-01-2025
78472210432065;true;false;03-01-2025
78471392008549;true;false;03-01-2025
YT8727958394896;true;false;03-01-2025
777271964169806;true;false;03-01-2025
78869306248026;true;false;03-01-2025
777272875476948;true;false;03-01-2025
464085729509277;true;false;03-01-2025
YT8727844854961;true;false;03-01-2025
9804073301968;true;false;03-01-2025
78471623588966;true;false;03-01-2025
434350659579231;true;false;03-01-2025
9804118867551;true;false;03-01-2025
777272944484207;true;false;03-01-2025
YT8728499237675;true;false;03-01-2025
YT8728612845824;true;false;03-01-2025
777272465010844;true;false;03-01-2025
777272535914798;true;false;03-01-2025
78472173805889;true;false;03-01-2025
YT8727967660243;true;false;03-01-2025
YT8728317127450;true;false;03-01-2025
777272841444063;true;false;03-01-2025
78472570542310;true;false;03-01-2025
JT5340062164801;true;false;03-01-2025
YT8727618665872;true;false;03-01-2025
YT8728710983750;true;false;03-01-2025
78472272882966;true;false;03-01-2025
78472539795441;true;false;03-01-2025
781026717345352;true;false;03-01-2025
78472188830356;true;false;03-01-2025
YT8727618617037;true;false;03-01-2025
YT8728473181000;true;false;03-01-2025
78472192492725;true;false;03-01-2025
777272507105015;true;false;03-01-2025
JT5340229447967;true;false;03-01-2025
78472421402131;true;false;03-01-2025
YT8728644392686;true;false;03-01-2025
464088669448223;true;false;03-01-2025
777272539454328;true;false;03-01-2025
777272544258391;true;false;03-01-2025
YT8728322463242;true;false;03-01-2025
464090220860150;true;false;03-01-2025
JDAP01410852686;true;false;03-01-2025
9804125528842;true;false;05-01-2025
JT5340114266145;true;false;05-01-2025
9804041143439;true;false;05-01-2025
777272647323718;true;false;05-01-2025
777273601016227;true;false;05-01-2025
464090364742116;true;false;05-01-2025
777272992540897;true;false;05-01-2025
JT5340139729589;true;false;05-01-2025
78472535865223;true;false;05-01-2025
78472698041864;true;false;05-01-2025
78472757903862;true;false;05-01-2025
773332377844468;true;false;05-01-2025
464088856059722;true;false;05-01-2025
9804122253586;true;false;05-01-2025
9804122240951;true;false;05-01-2025
YT8729019151422;true;false;05-01-2025
JT5340338665582;true;false;05-01-2025
JT5340747449508;true;false;05-01-2025
777272780258167;true;false;05-01-2025
78473083935063;true;false;05-01-2025
777272745890912;true;false;05-01-2025
JT5340349118572;true;false;05-01-2025
JT5340714455742;true;false;05-01-2025
JT5340080116969;true;false;05-01-2025
78472759383386;true;false;05-01-2025
777273585080687;true;false;05-01-2025
777272684595731;true;false;05-01-2025
777272476985514;true;false;05-01-2025
9804103352282;true;false;05-01-2025
YT8729022429459;true;false;05-01-2025
73541462533517;true;false;05-01-2025
YT8728998777731;true;false;05-01-2025
464088780799664;true;false;05-01-2025
464088949760938;true;false;05-01-2025
YT8728433235026;true;false;05-01-2025
777272661811345;true;false;05-01-2025
464089558230197;true;false;05-01-2025
777272632921261;true;false;05-01-2025
YT8728207794098;true;false;05-01-2025
JT5340346910917;true;false;05-01-2025
YT8728926007196;true;false;05-01-2025
777272529549078;true;false;05-01-2025
777272995622947;true;false;05-01-2025
YT8728373603925;true;false;05-01-2025
777272932073320;true;false;05-01-2025
YT8728374580751;true;false;05-01-2025
JT5340630249292;true;false;05-01-2025
9804119848680;true;false;05-01-2025
9804030473972;true;false;05-01-2025
JT5340366983065;true;false;05-01-2025
JT5340807485809;true;false;05-01-2025
78472842937003;true;false;05-01-2025
464089164435359;true;false;05-01-2025
9804104163528;true;false;05-01-2025
9804127190536;true;false;05-01-2025
777272594701025;true;false;05-01-2025
JT5340335476542;true;false;05-01-2025
78472821945951;true;false;05-01-2025
777272593037740;true;false;05-01-2025
777273560610155;true;false;05-01-2025
JT5340281339398;true;false;05-01-2025
JT5340576002207;true;false;05-01-2025
78473039709304;true;false;05-01-2025
777273055850664;true;false;05-01-2025
78472878511048;true;false;05-01-2025
JT5340537925105;true;false;05-01-2025
78472766244100;true;false;05-01-2025
JT5340695369428;true;false;05-01-2025
777272484170443;true;false;05-01-2025
JT5340318886463;true;false;05-01-2025
78472988230489;true;false;05-01-2025
777273583418699;true;false;05-01-2025
777272608184952;true;false;05-01-2025
YT8728367815987;true;false;05-01-2025
YT8728925682549;true;false;05-01-2025
777272593037740;true;false;05-01-2025
YT8728303433646;true;false;05-01-2025
YT8728935679265;true;false;05-01-2025
YT8728218152140;true;false;05-01-2025
9804033948307;true;false;05-01-2025
777273608838171;true;false;05-01-2025
464089034441942;true;false;05-01-2025
777273090146183;true;false;05-01-2025
JT5340121094532;true;false;05-01-2025
YT8728931323557;true;false;05-01-2025
YT8728937030756;true;false;05-01-2025
JT5340647558048;true;false;05-01-2025
777272713795072;true;false;05-01-2025
9804095419516;true;false;05-01-2025
777272573055500;true;false;05-01-2025
777272573142417;true;false;05-01-2025
434356751011795;true;false;05-01-2025
YT8728944025989;true;false;05-01-2025
78472690536346;true;false;05-01-2025
777272782552522;true;false;05-01-2025
777272621473191;true;false;05-01-2025
464089915914006;true;false;05-01-2025
78472798344435;true;false;05-01-2025
78472798325130;true;false;05-01-2025
464092001243623;true;false;05-01-2025
78472669609768;true;false;05-01-2025
464092916881365;true;false;05-01-2025
78472658036296;true;false;05-01-2025
YT8728875782528;true;false;05-01-2025
YT8728295699121;true;false;05-01-2025
464095493960225;true;false;05-01-2025
78473061639095;true;false;05-01-2025
777273655284006;true;false;05-01-2025
464091955237956;true;false;05-01-2025
464089830114795;true;false;05-01-2025
YT8729036916635;true;false;05-01-2025
YT8729102070924;true;false;05-01-2025
464080873783927;true;false;05-01-2025
YT8728976955560;true;false;05-01-2025
464092491884996;true;false;05-01-2025
464092528930026;true;false;05-01-2025
YT8728900230336;true;false;05-01-2025
YT8729283415323;true;false;05-01-2025
78472682228446;true;false;05-01-2025
YT8729049328355;true;false;05-01-2025
YT8728204667540;true;false;05-01-2025
78472779722202;true;false;05-01-2025
78472714892133;true;false;05-01-2025
78473077993098;true;false;05-01-2025
777273689929740;true;false;05-01-2025
YT8729083421300;true;false;05-01-2025
78472983920548;true;false;05-01-2025
YT8729340784335;true;false;05-01-2025
78473042891569;true;false;05-01-2025
JT5341261519871;true;false;05-01-2025
JT5341290725515;true;false;05-01-2025
JT5340550148109;true;false;05-01-2025
JT5340443185376;true;false;05-01-2025
JT5340472078691;true;false;05-01-2025
JT5340408039928;true;false;05-01-2025
JT5340856323907;true;false;05-01-2025
YT8729049305574;true;false;05-01-2025
YT8729075537318;true;false;05-01-2025
YT8729180199885;true;false;05-01-2025
JT5340523117846;true;false;05-01-2025
JT5340753714306;true;false;05-01-2025
YT8729049303822;true;false;05-01-2025
JT5340576837886;true;false;05-01-2025
JT5341381035610;true;false;05-01-2025
JT5340545488558;true;false;05-01-2025
JT5341349624302;true;false;05-01-2025
JT5340484792005;true;false;05-01-2025
JT5341396845492;true;false;05-01-2025
JT5341362068645;true;false;05-01-2025
464088281887337;true;false;05-01-2025
464090606467329;true;false;06-01-2025
109804941550001;true;false;06-01-2025
109804941550;true;false;06-01-2025
464090777810437;true;false;06-01-2025
JT5340310832803;true;false;06-01-2025
464092330796710;true;false;06-01-2025
YT8729391253118;true;false;06-01-2025
777273286405105;true;false;06-01-2025
777272661374670;true;false;06-01-2025
777273785081727;true;false;06-01-2025
9804155398829;true;false;06-01-2025
464094549746185;true;false;06-01-2025
78473134101191;true;false;06-01-2025
78472820594168;true;false;06-01-2025
777273600226003;true;false;06-01-2025
JT5340507430261;true;false;06-01-2025
777273786349550;true;false;06-01-2025
YT8729044672813;true;false;06-01-2025
YT8729027687962;true;false;06-01-2025
JT5340433037622;true;false;06-01-2025
9804144507478;true;false;06-01-2025
9804144093410;true;false;06-01-2025
777273389650281;true;false;06-01-2025
777273401384727;true;false;06-01-2025
777273200482142;true;false;06-01-2025
JT5341471588586;true;false;06-01-2025
JT5341345097769;true;false;06-01-2025
777273726785119;true;false;06-01-2025
777273777401080;true;false;06-01-2025
464092995825566;true;false;06-01-2025
777273516684087;true;false;06-01-2025
464095066054330;true;false;06-01-2025
464094837420837;true;false;06-01-2025
777273533279108;true;false;06-01-2025
YT8729317634542;true;false;06-01-2025
78473303792625;true;false;06-01-2025
78472997111806;true;false;06-01-2025
JT5340492694991;true;false;06-01-2025
777273249909153;true;false;06-01-2025
JT5340546138288;true;false;06-01-2025
777273521339896;true;false;06-01-2025
464092889018908;true;false;06-01-2025
464092683016312;true;false;06-01-2025
464091640153908;true;false;06-01-2025
464089182652093;true;false;06-01-2025
78473063790154;true;false;06-01-2025
464095971011364;true;false;06-01-2025
464092126862694;true;false;06-01-2025
YT8728281337866;true;false;06-01-2025
9804101568439;true;false;06-01-2025
78472759506737;true;false;06-01-2025
9804105523305;true;false;06-01-2025
464094216657165;true;false;06-01-2025
78473218038962;true;false;06-01-2025
JT5341386763642;true;false;06-01-2025
9804143723133;true;false;06-01-2025
777273354484163;true;false;06-01-2025
JT5340993211745;true;false;06-01-2025
78473409510385;true;false;06-01-2025
777273446082344;true;false;06-01-2025
JT5340823436920;true;false;06-01-2025
JT5341400444513;true;false;06-01-2025
777273546061556;true;false;06-01-2025
JT5341251748871;true;false;06-01-2025
JT5340451462254;true;false;06-01-2025
JT5340478932557;true;false;06-01-2025
YT8728903216199;true;false;06-01-2025
777273301376303;true;false;06-01-2025
777273191374359;true;false;06-01-2025
464093434394813;true;false;06-01-2025
777273397420007;true;false;06-01-2025
78473410119089;true;false;09-01-2025
78474161760854;true;false;09-01-2025
YT8729029516169;true;false;09-01-2025
9804248640293;true;false;09-01-2025
78474115366237;true;false;09-01-2025
9804173847650;true;false;09-01-2025
9804192292848;true;false;09-01-2025
777273336470708;true;false;09-01-2025
777273173233690;true;false;09-01-2025
YT8729462170302;true;false;09-01-2025
777273251164897;true;false;09-01-2025
777273966805706;true;false;09-01-2025
9804167608808;true;false;09-01-2025
JT5341599834578;true;false;09-01-2025
9804142364373;true;false;09-01-2025
773332483701597;true;false;09-01-2025
464096253458622;true;false;09-01-2025
JT5341120424374;true;false;09-01-2025
777273198433530;true;false;09-01-2025
78473939185902;true;false;09-01-2025
777274232941021;true;false;09-01-2025
9804153980283;true;false;09-01-2025
777273406869578;true;false;09-01-2025
9804206065235;true;false;09-01-2025
777273912020108;true;false;09-01-2025
9804167797436;true;false;09-01-2025
YT8729076216236;true;false;09-01-2025
777273148816639;true;false;09-01-2025
773332555307876;true;false;09-01-2025
777273138562516;true;false;09-01-2025
464093592484282;true;false;09-01-2025
9804132885030;true;false;09-01-2025
78473578691715;true;false;09-01-2025
464091551793397;true;false;09-01-2025
777273860722506;true;false;09-01-2025
777273919877649;true;false;09-01-2025
9804167978256;true;false;09-01-2025
78473222336408;true;false;09-01-2025
777273208802275;true;false;09-01-2025
777274046184476;true;false;09-01-2025
JT5341159906834;true;false;09-01-2025
9804142297619;true;false;09-01-2025
78473393840784;true;false;09-01-2025
78473311098193;true;false;09-01-2025
777273177450055;true;false;09-01-2025
777273461547128;true;false;09-01-2025
464095065191266;true;false;09-01-2025
464099206996385;true;false;09-01-2025
YT8729579658021;true;false;09-01-2025
YT8729409315081;true;false;09-01-2025
JT5341069358049;true;false;09-01-2025
78473190401048;true;false;09-01-2025
JT5340932835195;true;false;09-01-2025
JT5341397838970;true;false;09-01-2025
JT5341184885039;true;false;09-01-2025
78473836289318;true;false;09-01-2025
JT5341498608634;true;false;09-01-2025
9804208520841;true;false;09-01-2025
78473597885566;true;false;09-01-2025
JT5340958397735;true;false;09-01-2025
JT5341577302292;true;false;09-01-2025
777273394195150;true;false;09-01-2025
SF3148004170841;true;false;09-01-2025
777273319283155;true;false;09-01-2025
464096412100354;true;false;09-01-2025
9804187278716;true;false;09-01-2025
777273358598773;true;false;09-01-2025
464106198552720;true;false;09-01-2025
YT8730389812592;true;false;09-01-2025
464100347301837;true;false;09-01-2025
9804170671482;true;false;09-01-2025
464104012000078;true;false;09-01-2025
YT8729862065815;true;false;09-01-2025
464100176415461;true;false;09-01-2025
777274346354261;true;false;09-01-2025
9804293471419;true;false;09-01-2025
YT8729415347696;true;false;09-01-2025
464092569388933;true;false;09-01-2025
464099686292750;true;false;09-01-2025
YT8729558305676;true;false;09-01-2025
9804180765719;true;false;09-01-2025
YT8729561037148;true;false;09-01-2025
JT5340929791986;true;false;09-01-2025
777273361687271;true;false;09-01-2025
9804170686512;true;false;09-01-2025
78473595825527;true;false;09-01-2025
78473506271239;true;false;09-01-2025
78473473023616;true;false;09-01-2025
78473611035830;true;false;09-01-2025
78473560024816;true;false;09-01-2025
78473089409941;true;false;09-01-2025
9804199337047;true;false;09-01-2025
YT8730071331240;true;false;09-01-2025
YT8730197815961;true;false;09-01-2025
78473622783861;true;false;09-01-2025
78473391047418;true;false;09-01-2025
78474076397266;true;false;09-01-2025
JT5341243946627;true;false;09-01-2025
78474031928536;true;false;09-01-2025
JT5341908351520;true;false;09-01-2025
777274104042996;true;false;09-01-2025
JT5340915127565;true;false;09-01-2025
9804222718945;true;false;09-01-2025
777274134346399;true;false;09-01-2025
JT5342252479243;true;false;09-01-2025
9804208939877;true;false;09-01-2025
777274402311165;true;false;09-01-2025
777275069420505;true;false;09-01-2025
777274874657193;true;false;09-01-2025
777275094477048;true;false;09-01-2025
78473748139866;true;false;09-01-2025
YT8730179696825;true;false;09-01-2025
9804231549194;true;false;09-01-2025
9804213704897;true;false;09-01-2025
JT5342236336397;true;false;09-01-2025
464105892523277;true;false;09-01-2025
777275044120078;true;false;09-01-2025
9804220607173;true;false;09-01-2025
YT8730413685736;true;false;09-01-2025
464101916960796;true;false;09-01-2025
464105778092708;true;false;09-01-2025
464094331570652;true;false;09-01-2025
8270541320108;true;false;09-01-2025
9877662276777;true;false;09-01-2025
30117477591000000000;true;false;09-01-2025
777273278944477;true;false;09-01-2025
78474992799435;true;false;13-01-2025
JT5343091938157;true;false;13-01-2025
464106761059881;true;false;13-01-2025
78474534273306;true;false;13-01-2025
78474165470776;true;false;13-01-2025
464102952061587;true;false;13-01-2025
9804228837710;true;false;13-01-2025
YT8730345923135;true;false;13-01-2025
YT8729912443361;true;false;13-01-2025
464102501794358;true;false;13-01-2025
78474841214301;true;false;13-01-2025
8282330703409;true;false;13-01-2025
9804271308012;true;false;13-01-2025
9804204430564;true;false;13-01-2025
JT5342604220625;true;false;13-01-2025
78474427776468;true;false;13-01-2025
464110102080548;true;false;13-01-2025
78872142443396;true;false;13-01-2025
YT8730313374198;true;false;13-01-2025
JT5343527841389;true;false;13-01-2025
YT8730785583065;true;false;13-01-2025
777274593690006;true;false;13-01-2025
78474469118632;true;false;13-01-2025
464100666623951;true;false;13-01-2025
78474108199134;true;false;13-01-2025
777274766456395;true;false;13-01-2025
JT5341757584190;true;false;13-01-2025
JT5342468387208;true;false;13-01-2025
464108404074440;true;false;13-01-2025
78474291578291;true;false;13-01-2025
78474436275648;true;false;13-01-2025
JT5342301153415;true;false;13-01-2025
YT8730451737253;true;false;13-01-2025
777275431708549;true;false;13-01-2025
773333319071797;true;false;13-01-2025
JT5342600532810;true;false;13-01-2025
YT8730354915457;true;false;13-01-2025
JT5341896192547;true;false;13-01-2025
JT5343405559622;true;false;13-01-2025
78474615871924;true;false;13-01-2025
78474520480953;true;false;13-01-2025
464109214448160;true;false;13-01-2025
777275156643375;true;false;13-01-2025
JT5343258540952;true;false;13-01-2025
9804293538301;true;false;13-01-2025
JT5343599256634;true;false;13-01-2025
777275252517203;true;false;13-01-2025
777275239013678;true;false;13-01-2025
JT5343204881470;true;false;13-01-2025
YT8730583832730;true;false;13-01-2025
78474073589686;true;false;13-01-2025
YT8731231204400;true;false;13-01-2025
464109543503981;true;false;13-01-2025
YT8731250042690;true;false;13-01-2025
78474852764867;true;false;13-01-2025
JT3105418239824;true;false;13-01-2025
DPK212460767920;true;false;13-01-2025
SF2009602042363;true;false;13-01-2025
SF3156733885008;true;false;13-01-2025
9804375905427;true;false;15-01-2025
78475578358635;true;false;15-01-2025
464120175458853;true;false;15-01-2025
78475669638433;true;false;15-01-2025
464119875159569;true;false;15-01-2025
777276395583556;true;false;15-01-2025
78474714248298;true;false;15-01-2025
777275912173547;true;false;15-01-2025
78475264988813;true;false;15-01-2025
777276375353720;true;false;15-01-2025
JT5344054163001;true;false;15-01-2025
777275946973550;true;false;15-01-2025
464111066636694;true;false;15-01-2025
464119586495466;true;false;15-01-2025
464120177373518;true;false;15-01-2025
78475670916657;true;false;15-01-2025
464124197981220;true;false;15-01-2025
777277123653564;true;false;15-01-2025
777275978828899;true;false;15-01-2025
777276183872945;true;false;15-01-2025
JT3106132298319;true;false;15-01-2025
777275968019471;true;false;15-01-2025
777275909581694;true;false;15-01-2025
777275909591707;true;false;15-01-2025
777275909596139;true;false;15-01-2025
777275909592786;true;false;15-01-2025
777275909586399;true;false;15-01-2025
777275909586454;true;false;15-01-2025
777275909576010;true;false;15-01-2025
777275909598382;true;false;15-01-2025
777275909585552;true;false;15-01-2025
777275909594985;true;false;15-01-2025
777275909594396;true;false;15-01-2025
777275909594967;true;false;15-01-2025
777275909585928;true;false;15-01-2025
777275909591756;true;false;15-01-2025
777275909591987;true;false;15-01-2025
777275909595535;true;false;15-01-2025
777275909581943;true;false;15-01-2025
777275909592646;true;false;15-01-2025
777275909591835;true;false;15-01-2025
777275909594311;true;false;15-01-2025
78474992799435;true;false;15-01-2025
JT5343965203594;true;false;15-01-2025
YT8733296031188;true;false;10-02-2025
464158340867072;true;false;10-02-2025
777281299443139;true;false;10-02-2025
464115155692148;true;false;10-02-2025
9804422140550;true;false;10-02-2025
JT5344161535046;true;false;10-02-2025
JT5344397601954;true;false;10-02-2025
JT5344286864885;true;false;10-02-2025
9804421308951;true;false;10-02-2025
464151466738019;true;false;10-02-2025
464147760091570;true;false;10-02-2025
777277352948635;true;false;10-02-2025
JT5345628511376;true;false;10-02-2025
JT5344583177600;true;false;10-02-2025
464144785931719;true;false;10-02-2025
777276956807232;true;false;10-02-2025
464121451760485;true;false;10-02-2025
464142992658056;true;false;10-02-2025
9877783210184;true;false;10-02-2025
YT8731727216344;true;false;10-02-2025
JT5344580549912;true;false;10-02-2025
78475989560678;true;false;10-02-2025
464138558768142;true;false;10-02-2025
464125941365317;true;false;10-02-2025
YT8732576364718;true;false;10-02-2025
464126845943125;true;false;10-02-2025
9804480233095;true;false;10-02-2025
464124444840663;true;false;10-02-2025
777277481695719;true;false;10-02-2025
78476260589834;true;false;10-02-2025
9804482831861;true;false;10-02-2025
777275592003590;true;false;10-02-2025
YT8732616649221;true;false;10-02-2025
464134717782339;true;false;10-02-2025
464126881950024;true;false;10-02-2025
777276392047246;true;false;10-02-2025
JT5344522863183;true;false;10-02-2025
464126532051425;true;false;10-02-2025
9804400758396;true;false;10-02-2025
78479883639863;true;false;10-02-2025
9804492168888;true;false;10-02-2025
777276739272920;true;false;10-02-2025
78475980035380;true;false;10-02-2025
YT8732633944903;true;false;10-02-2025
9804777177485;true;false;10-02-2025
JT5344519774924;true;false;10-02-2025
JT5344696483581;true;false;10-02-2025
78476035476217;true;false;10-02-2025
JT5344834441892;true;false;10-02-2025
JT5345222652668;true;false;10-02-2025
777276979339207;true;false;10-02-2025
777276727433767;true;false;10-02-2025
YT8732712614198;true;false;10-02-2025
777276991201322;true;false;10-02-2025
78476618768997;true;false;10-02-2025
JT5344304387501;true;false;10-02-2025
9804521186155;true;false;10-02-2025
YT8731774194628;true;false;10-02-2025
777276787388328;true;false;10-02-2025
777276548528079;true;false;10-02-2025
777277193620777;true;false;10-02-2025
JT5344440115391;true;false;10-02-2025
464151698614388;true;false;10-02-2025
YT8732213958322;true;false;10-02-2025
YT8732561354382;true;false;10-02-2025
464121322225694;true;false;10-02-2025
JT5344414936984;true;false;10-02-2025
464148766507808;true;false;10-02-2025
464129167549797;true;false;10-02-2025
78476476333818;true;false;10-02-2025
JT5344362770446;true;false;10-02-2025
464149095259771;true;false;10-02-2025
YT8732731702791;true;false;10-02-2025
78477281524068;true;false;10-02-2025
78476121782463;true;false;10-02-2025
YT8733130952194;true;false;10-02-2025
JT5345301270620;true;false;10-02-2025
9804767932047;true;false;10-02-2025
9804434269701;true;false;10-02-2025
464122522569555;true;false;10-02-2025
434400368645301;true;false;10-02-2025
9804550834452;true;false;10-02-2025
464135897182494;true;false;10-02-2025
9804515287724;true;false;10-02-2025
9804736623782;true;false;10-02-2025
464151498717801;true;false;10-02-2025
464136645745574;true;false;10-02-2025
434385887273881;true;false;10-02-2025
8244535963311;true;false;10-02-2025
JT5345651319812;true;false;10-02-2025
464155319953396;true;false;10-02-2025
464156979963405;true;false;10-02-2025
9804628577874;true;false;10-02-2025
9804533355588;true;false;10-02-2025
9804779191439;true;false;10-02-2025
9877891786896;true;false;10-02-2025
JT5345671164404;true;false;10-02-2025
464156643845202;true;false;10-02-2025
464152211078489;true;false;10-02-2025
464147858397004;true;false;10-02-2025
78479624498332;true;false;10-02-2025
9804821669123;true;false;10-02-2025
464154130044098;true;false;10-02-2025
464148937528263;true;false;10-02-2025
464155282469341;true;false;10-02-2025
434399137819882;true;false;10-02-2025
464154925487829;true;false;10-02-2025
464154130109660;true;false;10-02-2025
9804773834759;true;false;10-02-2025
9804536147728;true;false;10-02-2025
78480096904029;true;false;10-02-2025
9804604373179;true;false;10-02-2025
78479197675015;true;false;10-02-2025
464140181878662;true;false;10-02-2025
464130835679995;true;false;10-02-2025
464155559177796;true;false;10-02-2025
78479993835814;true;false;10-02-2025
434402360685472;true;false;10-02-2025
464157087777534;true;false;10-02-2025
464153314348967;true;false;10-02-2025
9804807292060;true;false;10-02-2025
9804607369681;true;false;10-02-2025
78480969898338;true;false;10-02-2025
9804881386903;true;false;10-02-2025
78479481909720;true;false;10-02-2025
777281696903440;true;false;10-02-2025
YT8735617922357;true;false;10-02-2025
YT7523359043815;true;false;10-02-2025
777280521354769;true;false;10-02-2025
YT8736857439089;true;false;10-02-2025
YT8735391270460;true;false;10-02-2025
YT8736726491794;true;false;10-02-2025
777279871594259;true;false;10-02-2025
777280449145197;true;false;10-02-2025
YT8735152579151;true;false;10-02-2025
YT8735161646828;true;false;10-02-2025
YT8735628156110;true;false;10-02-2025
YT8735002996132;true;false;10-02-2025
YT8736508274818;true;false;10-02-2025
777281361751280;true;false;10-02-2025
YT8736475395477;true;false;10-02-2025
YT8736046286377;true;false;10-02-2025
777281305296994;true;false;10-02-2025
YT8736739148478;true;false;10-02-2025
777281493586872;true;false;10-02-2025
777277712373565;true;false;10-02-2025
777281522278981;true;false;10-02-2025
777279564343135;true;false;10-02-2025
777281686699626;true;false;10-02-2025
777281161853495;true;false;10-02-2025
777279985803556;true;false;10-02-2025
YT8736128990606;true;false;10-02-2025
777280692771859;true;false;10-02-2025
777278236180536;true;false;10-02-2025
777279866943438;true;false;10-02-2025
777280067818319;true;false;10-02-2025
YT8735238638398;true;false;10-02-2025
YT8735759928747;true;false;10-02-2025
YT8736660108389;true;false;10-02-2025
777280521451714;true;false;10-02-2025
YT8736520579636;true;false;10-02-2025
777281745264454;true;false;10-02-2025
777279226103938;true;false;10-02-2025
78480367876779;true;false;10-02-2025
YT8735944851250;true;false;10-02-2025
78477257562336;true;false;10-02-2025
YT8735445097942;true;false;10-02-2025
777281059641014;true;false;10-02-2025
YT8735590952912;true;false;10-02-2025
777279539671550;true;false;10-02-2025
773336899895773;true;false;10-02-2025
777280496843888;true;false;10-02-2025
777278807557752;true;false;10-02-2025
777280426401262;true;false;10-02-2025
JT5349785363683;true;false;10-02-2025
777279151898076;true;false;10-02-2025
JT5349773708923;true;false;10-02-2025
777279285965640;true;false;10-02-2025
777280180080495;true;false;10-02-2025
777281349704162;true;false;10-02-2025
JT5349655524531;true;false;10-02-2025
YT8735908484702;true;false;10-02-2025
78479355069995;true;false;10-02-2025
YT8735977147984;true;false;10-02-2025
78481192170596;true;false;10-02-2025
78476894779971;true;false;10-02-2025
78479797836545;true;false;10-02-2025
777280273173755;true;false;10-02-2025
777279283528937;true;false;10-02-2025
YT8736737101017;true;false;10-02-2025
78479474598726;true;false;10-02-2025
464165527530985;true;false;10-02-2025
464158224870475;true;false;10-02-2025
YT8735879479967;true;false;10-02-2025
78875433523321;true;false;10-02-2025
YT8735268740809;true;false;10-02-2025
78480329859224;true;false;10-02-2025
78875550515996;true;false;10-02-2025
78478356527589;true;false;10-02-2025
464156756111219;true;false;10-02-2025
78479645851227;true;false;10-02-2025
YT8735485753350;true;false;10-02-2025
78481222502123;true;false;10-02-2025
JT5349155888374;true;false;10-02-2025
JT5349676953308;true;false;10-02-2025
YT8736194124011;true;false;10-02-2025
78479624490303;true;false;10-02-2025
JT5348946101556;true;false;10-02-2025
78480891693527;true;false;10-02-2025
JT5345999235682;true;false;10-02-2025
JT5348476117032;true;false;10-02-2025
JT5347066519189;true;false;10-02-2025
JT5348769894072;true;false;10-02-2025
JT5349418197655;true;false;10-02-2025
JT5348477025951;true;false;10-02-2025
JT3107611429229;true;false;10-02-2025
JT5350072825416;true;false;10-02-2025
JT5348336569526;true;false;10-02-2025
JT5346597917294;true;false;10-02-2025
78480810821826;true;false;10-02-2025
JT5349104153517;true;false;10-02-2025
464162930546189;true;false;10-02-2025
777280428076558;true;false;10-02-2025
777280116382877;true;false;10-02-2025
YT8735050771789;true;false;10-02-2025
78477468716267;true;false;10-02-2025
78481099525161;true;false;10-02-2025
78877420579171;true;false;10-02-2025
464162101399084;true;false;10-02-2025
JT5345172009456;true;false;10-02-2025
JT5348027292797;true;false;10-02-2025
JT5346610445038;true;false;10-02-2025
464157576507451;true;false;10-02-2025
JT5346045845503;true;false;10-02-2025
464158900796972;true;false;10-02-2025
434398848186211;true;false;10-02-2025
JT5346917947810;true;false;10-02-2025
464160472948499;true;false;10-02-2025
464159365296987;true;false;10-02-2025
464161619511213;true;false;10-02-2025
JT5348438376271;true;false;10-02-2025
78480152363195;true;false;10-02-2025
78480473187617;true;false;10-02-2025
777281045257289;true;false;10-02-2025
464162043401079;true;false;10-02-2025
773336833863505;true;false;10-02-2025
YT8736737510406;true;false;10-02-2025
YT8737186836426;true;false;12-02-2025
YT8737145034522;true;false;12-02-2025
YT8736938498792;true;false;12-02-2025
YT8736926253224;true;false;12-02-2025
YT8737163355348;true;false;12-02-2025
YT8737050444926;true;false;12-02-2025
YT8736918081945;true;false;12-02-2025
YT8737074686715;true;false;12-02-2025
YT8737022442440;true;false;12-02-2025
YT8736918072822;true;false;12-02-2025
YT8736551356868;true;false;12-02-2025
YT8736962476443;true;false;12-02-2025
YT8736982687883;true;false;12-02-2025
YT8736912726619;true;false;12-02-2025
YT8736962267580;true;false;12-02-2025
YT8736927890592;true;false;12-02-2025
YT8736694702553;true;false;12-02-2025
464161218688932;true;false;12-02-2025
JT5349704695513;true;false;12-02-2025
777281452384143;true;false;12-02-2025
464161504111822;true;false;12-02-2025
464162302216506;true;false;12-02-2025
464163369855351;true;false;12-02-2025
777281564534734;true;false;12-02-2025
777281515644739;true;false;12-02-2025
9804847437832;true;false;12-02-2025
464161468696754;true;false;12-02-2025
777281951078464;true;false;12-02-2025
9804955067770;true;false;12-02-2025
YT8736546361309;true;false;12-02-2025
464161770023576;true;false;12-02-2025
464171196984032;true;false;12-02-2025
JDVC28759497822-1-1-;true;false;12-02-2025
464160913243835;true;false;12-02-2025
464171579000642;true;false;12-02-2025
777282006108531;true;false;12-02-2025
JT5350941903126;true;false;12-02-2025
9804954693684;true;false;12-02-2025
464161097175900;true;false;12-02-2025
9804839726959;true;false;12-02-2025
464172321726477;true;false;12-02-2025
777281317419415;true;false;12-02-2025
JT5349888854926;true;false;12-02-2025
9804934339286;true;false;12-02-2025
YT8736438308397;true;false;12-02-2025
YT8736331937764;true;false;12-02-2025
777282142005984;true;false;12-02-2025
464161943745682;true;false;12-02-2025
JT5350944451169;true;false;12-02-2025
464164362988219;true;false;12-02-2025
464161811556549;true;false;12-02-2025
464161040784867;true;false;12-02-2025
464172368097920;true;false;12-02-2025
464172076359179;true;false;12-02-2025
464163031570404;true;false;12-02-2025
777281497902085;true;false;12-02-2025
777281446619679;true;false;12-02-2025
YT8736444557998;true;false;12-02-2025
YT8736368565969;true;false;12-02-2025
YT8737123666064;true;false;12-02-2025
464162302107260;true;false;12-02-2025
464171093085298;true;false;12-02-2025
464161158277561;true;false;12-02-2025
JT5349901392979;true;false;12-02-2025
777281214414006;true;false;12-02-2025
YT8736326149396;true;false;12-02-2025
777281931126356;true;false;12-02-2025
9804947400179;true;false;12-02-2025
777281258159315;true;false;12-02-2025
JT5350852960920;true;false;12-02-2025
777281884379859;true;false;12-02-2025
YT8736380563347;true;false;12-02-2025
JT5350228389288;true;false;12-02-2025
JT5349757179302;true;false;12-02-2025
9804955055837;true;false;12-02-2025
777281984149612;true;false;12-02-2025
JT5349769062822;true;false;12-02-2025
464161565417836;true;false;12-02-2025
777281937683379;true;false;12-02-2025
777281859120155;true;false;12-02-2025
YT8737122727296;true;false;12-02-2025
777281879162405;true;false;12-02-2025
777282156903491;true;false;12-02-2025
777281864244548;true;false;12-02-2025
777281994957191;true;false;12-02-2025
YT8736307361155;true;false;12-02-2025
YT8736399774343;true;false;12-02-2025
777281971089715;true;false;12-02-2025
YT8736500152251;true;false;12-02-2025
YT8737103560184;true;false;12-02-2025
9804934803238;true;false;12-02-2025
777281917044755;true;false;12-02-2025
9804949299101;true;false;12-02-2025
777281435601265;true;false;12-02-2025
YT8736346945965;true;false;12-02-2025
YT8737135512755;true;false;12-02-2025
YT8736326095125;true;false;12-02-2025
9804920387243;true;false;12-02-2025
777282070623318;true;false;12-02-2025
9804965556636;true;false;12-02-2025
464171428087995;true;false;12-02-2025
78481671881439;true;false;12-02-2025
777281455854184;true;false;12-02-2025
464171956132813;true;false;12-02-2025
464171705912750;true;false;12-02-2025
777282349771910;true;false;12-02-2025
464161068203611;true;false;12-02-2025
78481541604090;true;false;12-02-2025
78481463738997;true;false;12-02-2025
78481360124971;true;false;12-02-2025
78481237883372;true;false;12-02-2025
78481402025904;true;false;12-02-2025
78481467260257;true;false;12-02-2025
78481465467013;true;false;12-02-2025
9804860868618;true;false;12-02-2025
464171213037584;true;false;12-02-2025
777281987578696;true;false;12-02-2025
9804942047075;true;false;12-02-2025
434413288703477;true;false;12-02-2025
YT8736376053984;true;false;12-02-2025
464171185194867;true;false;12-02-2025
9804920189435;true;false;12-02-2025
JT5349808931336;true;false;12-02-2025
JT5349808919036;true;false;12-02-2025
JT5350644363351;true;false;12-02-2025
777282221951407;true;false;12-02-2025
JT5349846627756;true;false;12-02-2025
777281962273400;true;false;12-02-2025
JT5350659982910;true;false;12-02-2025
JT5350252410835;true;false;12-02-2025
JT5349808904424;true;false;12-02-2025
JT5349842978400;true;false;12-02-2025
JT5349808975981;true;false;12-02-2025
JT5349834548530;true;false;12-02-2025
JT5349808932464;true;false;12-02-2025
JT5349765199965;true;false;12-02-2025
777282281460746;true;false;12-02-2025
JT5350829526817;true;false;12-02-2025
464165836087793;true;false;12-02-2025
777282259535921;true;false;12-02-2025
JT5350861549583;true;false;12-02-2025
9804959704699;true;false;12-02-2025
JT5350712857357;true;false;12-02-2025
777282274447870;true;false;12-02-2025
JT5350729138016;true;false;12-02-2025
JT5350649375185;true;false;12-02-2025
777282230120509;true;false;12-02-2025
777282428855383;true;false;12-02-2025
JT5350815953057;true;false;12-02-2025
JT5349901416600;true;false;12-02-2025
JT5349868400004;true;false;12-02-2025
JT5350672350951;true;false;12-02-2025
464171348197126;true;false;12-02-2025
YT8737122071948;true;false;12-02-2025
SF3148145152868;true;false;12-02-2025
78481831888815;true;false;12-02-2025
YT8736564929392;true;false;12-02-2025
78481410227398;true;false;12-02-2025
78481477611860;true;false;12-02-2025
9804933952145;true;false;12-02-2025
78481503786971;true;false;12-02-2025
YT2521218496858;true;false;12-02-2025
9804921731552;true;false;12-02-2025
78481399916439;true;false;12-02-2025
YT7524557238865;true;false;12-02-2025
78481587689147;true;false;12-02-2025
78481233952906;true;false;12-02-2025
78481296716022;true;false;12-02-2025
YT8737222352475;true;false;12-02-2025
YT8736561648366;true;false;12-02-2025
78481547952681;true;false;12-02-2025
78481829730190;true;false;12-02-2025
78481739922526;true;false;12-02-2025
78481551170919;true;false;12-02-2025
YT8736393922986;true;false;12-02-2025
78481490346897;true;false;12-02-2025
78481590066559;true;false;12-02-2025
78481202760611;true;false;12-02-2025
78481785746813;true;false;12-02-2025
78481529272220;true;false;12-02-2025
78481423874791;true;false;12-02-2025
78481155025636;true;false;12-02-2025
464172642732597;true;false;12-02-2025
78481558665333;true;false;12-02-2025
78481627537486;true;false;12-02-2025
78481497267895;true;false;12-02-2025
78481399051341;true;false;12-02-2025
78481290105288;true;false;12-02-2025
78481451483988;true;false;12-02-2025
464171188629782;true;false;12-02-2025
464162326287033;true;false;12-02-2025
78481336227819;true;false;12-02-2025
78481746186574;true;false;12-02-2025
464171788720481;true;false;12-02-2025
78479502426683;true;false;12-02-2025
78481321448395;true;false;12-02-2025
78481315838681;true;false;12-02-2025
78481832057936;true;false;12-02-2025
464162916373212;true;false;12-02-2025
YT8737155695515;true;false;12-02-2025
78481339481759;true;false;12-02-2025
78481573849831;true;false;12-02-2025
78481212322502;true;false;12-02-2025
78481759257082;true;false;12-02-2025
78481634540776;true;false;12-02-2025
78481377934233;true;false;12-02-2025
78481500740046;true;false;12-02-2025
78481132258835;true;false;12-02-2025
78879698525941;true;false;12-02-2025
78481225325301;true;false;12-02-2025
9804947650950;true;false;12-02-2025
9804860138655;true;false;12-02-2025
9804903010566;true;false;12-02-2025
9804938281016;true;false;12-02-2025
777282089167535;true;false;12-02-2025
777282430581715;true;false;12-02-2025
777282256583612;true;false;12-02-2025
777282284927988;true;false;12-02-2025
777282276962005;true;false;12-02-2025
777282353375358;true;false;12-02-2025
JT5349808940337;true;false;12-02-2025
JT5350530355926;true;false;12-02-2025
464172962859241;true;false;12-02-2025
464167990277183;true;false;12-02-2025
464168147866059;true;false;12-02-2025
JT5350728735889;true;false;12-02-2025
JT5350851431028;true;false;12-02-2025
JT5349814993537;true;false;12-02-2025
JT5349891473109;true;false;12-02-2025
JT5349910310086;true;false;12-02-2025
JT5349966355264;true;false;12-02-2025
464168125308937;true;false;12-02-2025
JT5350910442496;true;false;12-02-2025
464173823335407;true;false;12-02-2025
464171353099335;true;false;12-02-2025
464167847579400;true;false;12-02-2025
464171341808102;true;false;12-02-2025
JT5350550372907;true;false;12-02-2025
464173889684381;true;false;12-02-2025
464167847579761;true;false;12-02-2025
464172939184482;true;false;12-02-2025
464173300613014;true;false;12-02-2025
464167892670064;true;false;12-02-2025
464171629466478;true;false;12-02-2025
464167710700277;true;false;12-02-2025
777282249944476;true;false;12-02-2025
JT5350497422416;true;false;12-02-2025
JT5350549977448;true;false;12-02-2025
777282170574112;true;false;12-02-2025
777282043753838;true;false;12-02-2025
777282259952558;true;false;12-02-2025
777282198151057;true;false;12-02-2025
JT5349847645811;true;false;12-02-2025
JT5350880525479;true;false;12-02-2025
777282235878184;true;false;12-02-2025
777281299413402;true;false;12-02-2025
777282205964340;true;false;12-02-2025
777282045923099;true;false;12-02-2025
777282261220834;true;false;12-02-2025
JT5349964046114;true;false;12-02-2025
YT8736312465356;true;false;12-02-2025
JT5349642303869;true;false;12-02-2025
908654344096;true;false;12-02-2025
78480401748593;true;false;12-02-2025
777281904666917;true;false;12-02-2025
JT5350298340886;true;false;12-02-2025
78481986797808;true;false;13-02-2025
78481981821854;true;false;13-02-2025
78482004833608;true;false;13-02-2025
777282202674636;true;false;13-02-2025
777282033828111;true;false;13-02-2025
9804931756913;true;false;13-02-2025
78481762799633;true;false;13-02-2025
777282319369417;true;false;13-02-2025
464173346226985;true;false;13-02-2025
78481773096691;true;false;13-02-2025
9804930787358;true;false;13-02-2025
9804914304844;true;false;13-02-2025
777282386127588;true;false;13-02-2025
78481679591926;true;false;13-02-2025
773338292620283;true;false;13-02-2025
777282180651205;true;false;13-02-2025
9804899981413;true;false;13-02-2025
9804908366553;true;false;13-02-2025
777282297942845;true;false;13-02-2025
777282205714882;true;false;13-02-2025
777282014671767;true;false;13-02-2025
78481819317876;true;false;13-02-2025
9804901279490;true;false;13-02-2025
9804964908701;true;false;13-02-2025
464172903203261;true;false;13-02-2025
9804939604689;true;false;13-02-2025
777282161619312;true;false;13-02-2025
78481691777087;true;false;13-02-2025
9804906806320;true;false;13-02-2025
777282198977519;true;false;13-02-2025
464174011297589;true;false;13-02-2025
78481591023524;true;false;13-02-2025
78481346995590;true;false;13-02-2025
78481737663653;true;false;13-02-2025
78481714434026;true;false;13-02-2025
78482026875333;true;false;13-02-2025
9804910979848;true;false;13-02-2025
9804902805666;true;false;13-02-2025
464167984005094;true;false;13-02-2025
78481701867674;true;false;13-02-2025
9804931261368;true;false;13-02-2025
777281263529495;true;false;13-02-2025
9804912617423;true;false;13-02-2025
YT8736978611179;true;false;13-02-2025
8259107293511;true;false;13-02-2025
78481705159965;true;false;13-02-2025
78879958551713;true;false;13-02-2025
464173885268464;true;false;13-02-2025
78481596176019;true;false;13-02-2025
9804930048518;true;false;13-02-2025
78481787632368;true;false;13-02-2025
78481996613710;true;false;13-02-2025
9804922386346;true;false;13-02-2025
777282208301601;true;false;13-02-2025
78481767762520;true;false;13-02-2025
777282158969119;true;false;13-02-2025
78481445580715;true;false;13-02-2025
78481629087826;true;false;13-02-2025
777282237618785;true;false;13-02-2025
9804908552672;true;false;13-02-2025
9804947636461;true;false;13-02-2025
9804911755853;true;false;13-02-2025
78481667066198;true;false;13-02-2025
9804921011414;true;false;13-02-2025
777282254094461;true;false;13-02-2025
9804917272897;true;false;13-02-2025
78481702068575;true;false;13-02-2025
9804933969341;true;false;13-02-2025
777282733364936;true;false;13-02-2025
777282213696083;true;false;13-02-2025
464173634266242;true;false;13-02-2025
78481905624026;true;false;13-02-2025
9804906590886;true;false;13-02-2025
777282146934154;true;false;13-02-2025
9804907653760;true;false;13-02-2025
78481703632553;true;false;13-02-2025
9804939915347;true;false;13-02-2025
78481649959427;true;false;13-02-2025
78482028581307;true;false;13-02-2025
78481747505717;true;false;13-02-2025
78481596176379;true;false;13-02-2025
464168303949962;true;false;13-02-2025
78481702143790;true;false;13-02-2025
464172823084645;true;false;13-02-2025
464173389277619;true;false;13-02-2025
464169977673845;true;false;13-02-2025
YT8737211279804;true;false;13-02-2025
464170104738881;true;false;13-02-2025
9804912456460;true;false;13-02-2025
78481837686049;true;false;13-02-2025
78481746483670;true;false;13-02-2025
78481589377450;true;false;13-02-2025
78481721537272;true;false;13-02-2025
78481608341594;true;false;13-02-2025
464167639525759;true;false;13-02-2025
464173492939102;true;false;13-02-2025
464168358025743;true;false;13-02-2025
464172871117998;true;false;13-02-2025
78481725829111;true;false;13-02-2025
YT8737559372405;true;false;13-02-2025
777281217534307;true;false;13-02-2025
78481700481966;true;false;13-02-2025
78481928312336;true;false;13-02-2025
JT5350730818018;true;false;13-02-2025
JT5350525878670;true;false;13-02-2025
777282149853971;true;false;13-02-2025
YT8737047760046;true;false;13-02-2025
78481912911731;true;false;13-02-2025
JT5350802609164;true;false;13-02-2025
JT5350540549474;true;false;13-02-2025
78481982978838;true;false;13-02-2025
78481903756673;true;false;13-02-2025
JT5350389758649;true;false;13-02-2025
YT8737227031704;true;false;13-02-2025
JT5350455436505;true;false;13-02-2025
JT5350383440376;true;false;13-02-2025
464168818098829;true;false;13-02-2025
JT5350657989944;true;false;13-02-2025
777282198655445;true;false;13-02-2025
464169174647643;true;false;13-02-2025
773338306873846;true;false;13-02-2025
78481791589950;true;false;13-02-2025
JT5350696027985;true;false;13-02-2025
464169370791207;true;false;13-02-2025
464168336385944;true;false;13-02-2025
464169899712076;true;false;13-02-2025
JT5350709349506;true;false;13-02-2025
JT5350329503848;true;false;13-02-2025
JT5350737398935;true;false;13-02-2025
78482077372294;true;false;13-02-2025
464168782370557;true;false;13-02-2025
464173454559617;true;false;13-02-2025
YT8737163879149;true;false;13-02-2025
777281217538718;true;false;13-02-2025
78481718200905;true;false;13-02-2025
777282518548977;true;false;13-02-2025
464172901884161;true;false;13-02-2025
777282198767863;true;false;13-02-2025
464173751651850;true;false;13-02-2025
464172821216630;true;false;13-02-2025
464171386642757;true;false;13-02-2025
YT8737060759058;true;false;13-02-2025
YT8737028086727;true;false;13-02-2025
464173114402752;true;false;13-02-2025
78481637850445;true;false;13-02-2025
YT8737450011960;true;false;13-02-2025
78481951584625;true;false;13-02-2025
YT8736398693793;true;false;13-02-2025
YT8737087230974;true;false;13-02-2025
YT8736552369878;true;false;13-02-2025
YT8737198490560;true;false;13-02-2025
YT7524999990097;true;false;13-02-2025
464168122627635;true;false;13-02-2025
YT8736950526039;true;false;13-02-2025
YT8736934592841;true;false;13-02-2025
78481861896447;true;false;13-02-2025
YT8737065730995;true;false;13-02-2025
YT8736988441788;true;false;13-02-2025
YT8736965349074;true;false;13-02-2025
YT8737230736672;true;false;13-02-2025
YT8737190742360;true;false;13-02-2025
78481988345359;true;false;13-02-2025
78481618732366;true;false;13-02-2025
78482058560402;true;false;13-02-2025
78481833594725;true;false;13-02-2025
YT8737009187339;true;false;13-02-2025
78481685168512;true;false;13-02-2025
78481983022966;true;false;13-02-2025
777282477764181;true;false;13-02-2025
JT5350722168171;true;false;13-02-2025
JT5350317641936;true;false;13-02-2025
464169955591244;true;false;13-02-2025
JT5350312340390;true;false;13-02-2025
777282044222295;true;false;13-02-2025
JT5350543798623;true;false;13-02-2025
YT8737437191681;true;false;13-02-2025
JT5350426384532;true;false;13-02-2025
YT8737069389041;true;false;13-02-2025
78481694621741;true;false;13-02-2025
JT5350370436232;true;false;13-02-2025
JT5350448206694;true;false;13-02-2025
JT5350367458950;true;false;13-02-2025
JT5350644591184;true;false;13-02-2025
JT5350703878798;true;false;13-02-2025
JT5350724517618;true;false;13-02-2025
JT5349889399784;true;false;13-02-2025
YT8737470326758;true;false;13-02-2025
YT8737459281786;true;false;13-02-2025
YT8737459183826;true;false;13-02-2025
YT8737003695283;true;false;13-02-2025
JT3108723462532;true;false;13-02-2025
JT5350390087562;true;false;13-02-2025
JT5350833347760;true;false;13-02-2025
JT5350932418781;true;false;13-02-2025
777282407964488;true;false;13-02-2025
YT8737500697919;true;false;13-02-2025
JT5350904191052;true;false;13-02-2025
JT5350325261479;true;false;13-02-2025
YT8737454319471;true;false;13-02-2025
78880330608126;true;false;13-02-2025
464170769673763;true;false;13-02-2025
JT5350730968409;true;false;13-02-2025
78482024545524;true;false;13-02-2025
777282170188590;true;false;13-02-2025
JT5350349003568;true;false;13-02-2025
464172892838028;true;false;13-02-2025
JT5350648783888;true;false;13-02-2025
777282284145457;true;false;13-02-2025
JT5350494041501;true;false;13-02-2025
JT5350745892081;true;false;13-02-2025
JT5350420102354;true;false;13-02-2025
JT5350644119533;true;false;13-02-2025
777282207305602;true;false;13-02-2025
JT5350902802240;true;false;13-02-2025
JT5350334819242;true;false;13-02-2025
78481680321531;true;false;13-02-2025
JT5350363058272;true;false;13-02-2025
JT5350437266787;true;false;13-02-2025
JT5350437562403;true;false;13-02-2025
JT5350312303280;true;false;13-02-2025
YT8737199437571;true;false;13-02-2025
78880234127560;true;false;13-02-2025
78880197865734;true;false;13-02-2025
YT8737170382845;true;false;13-02-2025
464168813136538;true;false;13-02-2025
464170015939877;true;false;13-02-2025
JT5350502680651;true;false;13-02-2025
78481583348533;true;false;13-02-2025
JT5350651442516;true;false;13-02-2025
JT5350358060430;true;false;13-02-2025
464167628842995;true;false;13-02-2025
JT5350348138268;true;false;13-02-2025
JT5350657201780;true;false;13-02-2025
464173855603624;true;false;13-02-2025
777282460247392;true;false;13-02-2025
JT5350348157616;true;false;13-02-2025
JT5350887954571;true;false;13-02-2025
777282295253236;true;false;13-02-2025
777282480848221;true;false;13-02-2025
JT5350348120873;true;false;13-02-2025
777282434845905;true;false;13-02-2025
777282310299941;true;false;13-02-2025
464169737438509;true;false;13-02-2025
777282834272125;true;false;13-02-2025
777282500309915;true;false;13-02-2025
464169748238452;true;false;13-02-2025
JT5350714397513;true;false;13-02-2025
JT5350620715064;true;false;13-02-2025
777281350394568;true;false;13-02-2025
JT5350717853930;true;false;13-02-2025
JT5350731051538;true;false;13-02-2025
9804906776337;true;false;13-02-2025
777282377403923;true;false;13-02-2025
JT5350932597615;true;false;13-02-2025
9804927096695;true;false;13-02-2025
JT5350536522398;true;false;13-02-2025
JT5350664247275;true;false;13-02-2025
9804920064370;true;false;13-02-2025
9804901963706;true;false;13-02-2025
YT8737562746455;true;false;13-02-2025
9804914545868;true;false;13-02-2025
9804926312251;true;false;13-02-2025
78481710982296;true;false;13-02-2025
YT8737055742948;true;false;13-02-2025
9804967163410;true;false;13-02-2025
8261061431911;true;false;13-02-2025
9804915285701;true;false;13-02-2025
78482018027090;true;false;13-02-2025
78482011513803;true;false;13-02-2025
78481947004015;true;false;13-02-2025
78481816550480;true;false;13-02-2025
464172904038999;true;false;13-02-2025
78481946023516;true;false;13-02-2025
9804962076591;true;false;13-02-2025
777283126809681;true;false;14-02-2025
78481956900941;true;false;14-02-2025
777282806503238;true;false;14-02-2025
78481944781277;true;false;14-02-2025
777282364143927;true;false;14-02-2025
777282447973602;true;false;14-02-2025
777282378873564;true;false;14-02-2025
777282517913215;true;false;14-02-2025
777282781474975;true;false;14-02-2025
777283157134295;true;false;14-02-2025
777282456068226;true;false;14-02-2025
464170254744935;true;false;14-02-2025
777282066776369;true;false;14-02-2025
777282656986525;true;false;14-02-2025
78481968774576;true;false;14-02-2025
78481934256027;true;false;14-02-2025
464173845831769;true;false;14-02-2025
78481969261528;true;false;14-02-2025
777282813259297;true;false;14-02-2025
YT8737580405934;true;false;14-02-2025
78482010934653;true;false;14-02-2025
777282301002146;true;false;14-02-2025
YT8737549081146;true;false;14-02-2025
777282826662734;true;false;14-02-2025
777282793428140;true;false;14-02-2025
78880134400906;true;false;14-02-2025
464172679726437;true;false;14-02-2025
YT7525128419023;true;false;14-02-2025
777281933994971;true;false;14-02-2025
9804974771592;true;false;14-02-2025
777282836538315;true;false;14-02-2025
YT8737507296191;true;false;14-02-2025
78481941436582;true;false;14-02-2025
464169449145364;true;false;14-02-2025
78482044847638;true;false;14-02-2025
777282728353468;true;false;14-02-2025
78481907626578;true;false;14-02-2025
464168540122005;true;false;14-02-2025
78481902474376;true;false;14-02-2025
464168488011548;true;false;14-02-2025
464179905308925;true;false;14-02-2025
777282816619960;true;false;14-02-2025
464171937406911;true;false;14-02-2025
78482015454708;true;false;14-02-2025
777282309738653;true;false;14-02-2025
777282504380094;true;false;14-02-2025
777282525088415;true;false;14-02-2025
777282395717139;true;false;14-02-2025
777282401249300;true;false;14-02-2025
78482304017306;true;false;14-02-2025
78481997791959;true;false;14-02-2025
78481944354225;true;false;14-02-2025
78481989316663;true;false;14-02-2025
464173889463013;true;false;14-02-2025
464180762026656;true;false;14-02-2025
78481984183384;true;false;14-02-2025
464170594031509;true;false;14-02-2025
464168837794992;true;false;14-02-2025
777282374622951;true;false;14-02-2025
YT8737400712776;true;false;14-02-2025
YT8737503154936;true;false;14-02-2025
464170029843785;true;false;14-02-2025
464170054706880;true;false;14-02-2025
78481890176034;true;false;14-02-2025
78482079620304;true;false;14-02-2025
YT8738227032560;true;false;14-02-2025
YT8737560270822;true;false;14-02-2025
9804975304935;true;false;14-02-2025
78481988380777;true;false;14-02-2025
78481941580457;true;false;14-02-2025
464170454127487;true;false;14-02-2025
464179896618980;true;false;14-02-2025
YT8737478653030;true;false;14-02-2025
464168607683144;true;false;14-02-2025
464173907968864;true;false;14-02-2025
464170424228056;true;false;14-02-2025
464168744590682;true;false;14-02-2025
464168721256686;true;false;14-02-2025
464168701978316;true;false;14-02-2025
YT8737462748788;true;false;14-02-2025
YT8738226155192;true;false;14-02-2025
9804984437150;true;false;14-02-2025
464170766201272;true;false;14-02-2025
YT8737415947297;true;false;14-02-2025
464168339567480;true;false;14-02-2025
YT7525410944505;true;false;14-02-2025
YT8736917378811;true;false;14-02-2025
464173589165798;true;false;14-02-2025
464169095760061;true;false;14-02-2025
YT8737430274099;true;false;14-02-2025
YT8737175864601;true;false;14-02-2025
JT5350377124371;true;false;14-02-2025
JT5351453406400;true;false;14-02-2025
YT8738244205699;true;false;14-02-2025
JT5350414263643;true;false;14-02-2025
JT5350732776181;true;false;14-02-2025
JT5351320898390;true;false;14-02-2025
JT5350336807800;true;false;14-02-2025
YT8738120731353;true;false;14-02-2025
YT8737278969490;true;false;14-02-2025
YT8737564307430;true;false;14-02-2025
YT7525224952817;true;false;14-02-2025
YT8738208065460;true;false;14-02-2025
YT8738200179211;true;false;14-02-2025
YT8737351384305;true;false;14-02-2025
777282585962521;true;false;14-02-2025
YT8738233021217;true;false;14-02-2025
JT5351333459268;true;false;14-02-2025
JT5351349957565;true;false;14-02-2025
YT8737250299445;true;false;14-02-2025
YT8737510685535;true;false;14-02-2025
YT8737361945635;true;false;14-02-2025
YT7525051649085;true;false;14-02-2025
YT8737381800790;true;false;14-02-2025
JT5350438534128;true;false;14-02-2025
YT8737369932932;true;false;14-02-2025
JT5350580667478;true;false;14-02-2025
YT8737563619727;true;false;14-02-2025
YT8737540854466;true;false;14-02-2025
JT5350589361666;true;false;14-02-2025
YT8737399009305;true;false;14-02-2025
YT8737432347663;true;false;14-02-2025
JT5350602680423;true;false;14-02-2025
YT8738220133824;true;false;14-02-2025
JT5350620024250;true;false;14-02-2025
YT8737319841918;true;false;14-02-2025
YT8738250918215;true;false;14-02-2025
YT8737384037481;true;false;14-02-2025
YT8738185833364;true;false;14-02-2025
YT8737306349937;true;false;14-02-2025
YT8737408204572;true;false;14-02-2025
YT8737479320159;true;false;14-02-2025
YT8737007638804;true;false;14-02-2025
JT5350574525453;true;false;14-02-2025
YT8737329982652;true;false;14-02-2025
YT8737442490454;true;false;14-02-2025
464169149167452;true;false;14-02-2025
464168564651480;true;false;14-02-2025
464169493691864;true;false;14-02-2025
YT8737183357966;true;false;14-02-2025
464170263142288;true;false;14-02-2025
YT7525197869970;true;false;14-02-2025
YT8737416871092;true;false;14-02-2025
9804976156540;true;false;14-02-2025
JT5350345003897;true;false;14-02-2025
JT5351603462427;true;false;14-02-2025
YT8737351651746;true;false;14-02-2025
JT5351352997927;true;false;14-02-2025
JT5351582822429;true;false;14-02-2025
YT8738187072633;true;false;14-02-2025
YT8737394579339;true;false;14-02-2025
YT8737512960517;true;false;14-02-2025
JT5351595370594;true;false;14-02-2025
777281963106025;true;false;14-02-2025
777282838219380;true;false;14-02-2025
JT5351375349633;true;false;14-02-2025
JT5351580029906;true;false;14-02-2025
JT5350572221142;true;false;14-02-2025
JT5350594972136;true;false;14-02-2025
JT5350601384188;true;false;14-02-2025
JT5351610973857;true;false;14-02-2025
JT5350601311056;true;false;14-02-2025
JT5350350792685;true;false;14-02-2025
JT5351354674393;true;false;14-02-2025
JT5350783202158;true;false;14-02-2025
JT5351628576573;true;false;14-02-2025
JT5350601398979;true;false;14-02-2025
JT5350445238335;true;false;14-02-2025
JT5350475039455;true;false;14-02-2025
777282561466535;true;false;14-02-2025
777282726325797;true;false;14-02-2025
9804915952923;true;false;14-02-2025
JT5350514885377;true;false;14-02-2025
777282622701944;true;false;14-02-2025
777282370651027;true;false;14-02-2025
777282686289942;true;false;14-02-2025
JT5351529643470;true;false;14-02-2025
JT5350342792315;true;false;14-02-2025
464180825470023;true;false;14-02-2025
JT5350409563336;true;false;14-02-2025
777282611984700;true;false;14-02-2025
JT5350343939564;true;false;14-02-2025
777282684335715;true;false;14-02-2025
777282632934025;true;false;14-02-2025
777282465979333;true;false;14-02-2025
JT5351547096786;true;false;14-02-2025
JT5350381613520;true;false;14-02-2025
777282449584307;true;false;14-02-2025
777282413180173;true;false;14-02-2025
JT5351604531476;true;false;14-02-2025
JT5350727729757;true;false;14-02-2025
777282755038717;true;false;14-02-2025
777282259174402;true;false;14-02-2025
777282599753346;true;false;14-02-2025
777282698141607;true;false;14-02-2025
777282543695511;true;false;14-02-2025
JT5350374620158;true;false;14-02-2025
777282367102668;true;false;14-02-2025
777282531408092;true;false;14-02-2025
JT5350572389780;true;false;14-02-2025
464168805995712;true;false;14-02-2025
JT5350609409561;true;false;14-02-2025
777282579236795;true;false;14-02-2025
777282579327985;true;false;14-02-2025
464170109456770;true;false;14-02-2025
777283136463132;true;false;14-02-2025
JT5350360917398;true;false;14-02-2025
777282583639555;true;false;14-02-2025
464167758723767;true;false;14-02-2025
9804910491972;true;false;14-02-2025
777282711764635;true;false;14-02-2025
777282413180653;true;false;14-02-2025
464170738711932;true;false;14-02-2025
777283130793508;true;false;14-02-2025
777282194275010;true;false;14-02-2025
777282526038167;true;false;14-02-2025
777282462353472;true;false;14-02-2025
777282561436828;true;false;14-02-2025
464180791713043;true;false;14-02-2025
777282559572978;true;false;14-02-2025
464180640093471;true;false;14-02-2025
464170481208003;true;false;14-02-2025
464179779335734;true;false;14-02-2025
464174121521404;true;false;14-02-2025
9804989507251;true;false;14-02-2025
464178872631726;true;false;14-02-2025
JT5351328879215;true;false;14-02-2025
JT5350473191040;true;false;14-02-2025
9805000114372;true;false;14-02-2025
9805003428958;true;false;14-02-2025
9804919692654;true;false;14-02-2025
9804970568663;true;false;14-02-2025
9804925291873;true;false;14-02-2025
9804982626071;true;false;14-02-2025
9804927826116;true;false;14-02-2025
9804981429480;true;false;14-02-2025
9804970572359;true;false;14-02-2025
9804970536330;true;false;14-02-2025
9804970544821;true;false;14-02-2025
464173693745469;true;false;14-02-2025
464170783646767;true;false;14-02-2025
464168589991666;true;false;14-02-2025
9804966259039;true;false;14-02-2025
9804969924728;true;false;14-02-2025
8255636238911;true;false;14-02-2025
9804927856163;true;false;14-02-2025
434418863820538;true;false;14-02-2025
464179767102135;true;false;14-02-2025
9804967531580;true;false;14-02-2025
464179370623117;true;false;14-02-2025
YT8737463180260;true;false;14-02-2025
YT8737243842603;true;false;14-02-2025
9804906054373;true;false;14-02-2025
9804899988948;true;false;14-02-2025
YT8737477530750;true;false;14-02-2025
YT8737551535376;true;false;14-02-2025
9804927777722;true;false;14-02-2025
9804971889262;true;false;14-02-2025
78482024036606;true;false;14-02-2025
9804930017798;true;false;14-02-2025
9804975399955;true;false;14-02-2025
9406971338566;true;false;14-02-2025
464179901603654;true;false;14-02-2025
464178658710130;true;false;14-02-2025
464173831744957;true;false;14-02-2025
YT8737560506666;true;false;14-02-2025
9804978807594;true;false;14-02-2025
9804901900117;true;false;14-02-2025
9804983729735;true;false;14-02-2025
8258064847511;true;false;14-02-2025
9804906953386;true;false;14-02-2025
9804971669151;true;false;14-02-2025
9804973576636;true;false;14-02-2025
9804968897940;true;false;14-02-2025
9804937253054;true;false;14-02-2025
9804979406830;true;false;14-02-2025
9804977050008;true;false;14-02-2025
9804969439818;true;false;14-02-2025
9804924378119;true;false;14-02-2025
9804922098665;true;false;14-02-2025
78482098758468;true;false;14-02-2025
78482274541034;true;false;14-02-2025
78482344163967;true;false;14-02-2025
78481982953468;true;false;14-02-2025
464169044431210;true;false;14-02-2025
78482281606948;true;false;14-02-2025
9804922915151;true;false;14-02-2025
9804967488984;true;false;14-02-2025
9804968964747;true;false;14-02-2025
78481989312436;true;false;14-02-2025
78482327852725;true;false;14-02-2025
78482053366127;true;false;14-02-2025
78482164812975;true;false;14-02-2025
78482240719661;true;false;14-02-2025
78880574329204;true;false;14-02-2025
78482152853434;true;false;14-02-2025
78880212240600;true;false;14-02-2025
78481858942144;true;false;14-02-2025
78482046681065;true;false;14-02-2025
78482120165047;true;false;14-02-2025
78880216239247;true;false;14-02-2025
78481981288116;true;false;14-02-2025
78482045227236;true;false;14-02-2025
78482233850590;true;false;14-02-2025
78482227436860;true;false;14-02-2025
78481916058514;true;false;14-02-2025
78482317539071;true;false;14-02-2025
78481998418340;true;false;14-02-2025
78481951046369;true;false;14-02-2025
78481921227716;true;false;14-02-2025
78482261007384;true;false;14-02-2025
78880512588655;true;false;14-02-2025
464178584787045;true;false;14-02-2025
78481977193521;true;false;14-02-2025
78481976900550;true;false;14-02-2025
JT5350771526777;true;false;14-02-2025
9804977665299;true;false;14-02-2025
9804977704019;true;false;14-02-2025
80011412656100000000;true;false;15-02-2025
80011412656100000000;true;false;15-02-2025
80011412656100000000;true;false;15-02-2025
9805001344938;true;false;15-02-2025
78482152217977;true;false;15-02-2025
78482199207650;true;false;15-02-2025
78482054402182;true;false;15-02-2025
78482082958048;true;false;15-02-2025
777283033221855;true;false;15-02-2025
78482120145924;true;false;15-02-2025
9804999970416;true;false;15-02-2025
9804997992100;true;false;15-02-2025
777282622196880;true;false;15-02-2025
777282654978821;true;false;15-02-2025
78482233488082;true;false;15-02-2025
777282896047850;true;false;15-02-2025
78482166239685;true;false;15-02-2025
78482362009336;true;false;15-02-2025
78481820534377;true;false;15-02-2025
777283144112510;true;false;15-02-2025
9805002526053;true;false;15-02-2025
777282464718039;true;false;15-02-2025
777282667719441;true;false;15-02-2025
777282736079348;true;false;15-02-2025
78482333875118;true;false;15-02-2025
777282896895366;true;false;15-02-2025
777282711616403;true;false;15-02-2025
78482026260572;true;false;15-02-2025
777282735720235;true;false;15-02-2025
773338602231497;true;false;15-02-2025
JT5350435269833;true;false;15-02-2025
78482323566075;true;false;15-02-2025
777282669179895;true;false;15-02-2025
78880576002366;true;false;15-02-2025
78482234609136;true;false;15-02-2025
78482246221054;true;false;15-02-2025
777282691041189;true;false;15-02-2025
9805000431098;true;false;15-02-2025
777282710331899;true;false;15-02-2025
777282628085513;true;false;15-02-2025
777282829994200;true;false;15-02-2025
78482209812276;true;false;15-02-2025
464179383338479;true;false;15-02-2025
777282739337582;true;false;15-02-2025
78482156150138;true;false;15-02-2025
JT5351379259688;true;false;15-02-2025
777282537964285;true;false;15-02-2025
777283194962496;true;false;15-02-2025
777283143166226;true;false;15-02-2025
777282585189428;true;false;15-02-2025
777880620657903;true;false;15-02-2025
777282646447589;true;false;15-02-2025
777283151477362;true;false;15-02-2025
9805002787992;true;false;15-02-2025
78482316581993;true;false;15-02-2025
777282694555459;true;false;15-02-2025
777283002168110;true;false;15-02-2025
777283155304833;true;false;15-02-2025
78482310364719;true;false;15-02-2025
78482180875552;true;false;15-02-2025
464180885849362;true;false;15-02-2025
JT5351016949166;true;false;15-02-2025
464180892077587;true;false;15-02-2025
777282610007944;true;false;15-02-2025
78482192657914;true;false;15-02-2025
777283149142448;true;false;15-02-2025
78482260290803;true;false;15-02-2025
78482512706446;true;false;15-02-2025
78482146708448;true;false;15-02-2025
78482124251447;true;false;15-02-2025
78880619846500;true;false;15-02-2025
78482226605854;true;false;15-02-2025
JT5351291744526;true;false;15-02-2025
464177085230342;true;false;15-02-2025
777283017954422;true;false;15-02-2025
JT5350808986749;true;false;15-02-2025
JT5351095318577;true;false;15-02-2025
JT5351084042884;true;false;15-02-2025
JT5351336954633;true;false;15-02-2025
JT5351459790002;true;false;15-02-2025
78481880404832;true;false;15-02-2025
JT5351364668252;true;false;15-02-2025
JT5350421718037;true;false;15-02-2025
JT5351315996045;true;false;15-02-2025
JT5351356947665;true;false;15-02-2025
78482247991945;true;false;15-02-2025
JT5350979664360;true;false;15-02-2025
JT5351409306989;true;false;15-02-2025
JT5350595368164;true;false;15-02-2025
JT5351411291621;true;false;15-02-2025
JT5351542510770;true;false;15-02-2025
JT5351131557815;true;false;15-02-2025
9804997041029;true;false;15-02-2025
9804982697893;true;false;15-02-2025
JT5350773820373;true;false;15-02-2025
JT5351255500884;true;false;15-02-2025
9805004307403;true;false;15-02-2025
JT5351036177266;true;false;15-02-2025
JT5351599764770;true;false;15-02-2025
JT5351247369471;true;false;15-02-2025
JT5350992957184;true;false;15-02-2025
JT5351295180480;true;false;15-02-2025
464177374225791;true;false;15-02-2025
464177971029683;true;false;15-02-2025
JT5351064655536;true;false;15-02-2025
9804912614179;true;false;15-02-2025
464178228115184;true;false;15-02-2025
464179516574734;true;false;15-02-2025
464176084780548;true;false;15-02-2025
777283118961995;true;false;15-02-2025
9804986008434;true;false;15-02-2025
777282965607929;true;false;15-02-2025
9805096947510;true;false;15-02-2025
JT5351526918312;true;false;15-02-2025
464176335401228;true;false;15-02-2025
9805026693305;true;false;15-02-2025
9804994869567;true;false;15-02-2025
JT5351249361206;true;false;15-02-2025
777282448177456;true;false;15-02-2025
777282969291949;true;false;15-02-2025
777282580331212;true;false;15-02-2025
777282731818332;true;false;15-02-2025
JT5351406822139;true;false;15-02-2025
78482378442247;true;false;15-02-2025
JT5351405315822;true;false;15-02-2025
78482564579183;true;false;15-02-2025
JT5351277292402;true;false;15-02-2025
JT5350402424334;true;false;15-02-2025
JT5350316932432;true;false;15-02-2025
JT5351304884925;true;false;15-02-2025
78482583109115;true;false;15-02-2025
78482589876604;true;false;15-02-2025
78482604860383;true;false;15-02-2025
78482052815792;true;false;15-02-2025
JT5351471212975;true;false;15-02-2025
78482354768613;true;false;15-02-2025
78482435639473;true;false;15-02-2025
78482392762734;true;false;15-02-2025
JT5351647230292;true;false;15-02-2025
JT5351542926290;true;false;15-02-2025
JT5351576015812;true;false;15-02-2025
JT5351613891214;true;false;15-02-2025
JT5350759804828;true;false;15-02-2025
9804992672451;true;false;15-02-2025
JT5351410774467;true;false;15-02-2025
JT5351471820626;true;false;15-02-2025
JDAP01944922998;true;false;15-02-2025
JT5351638921980;true;false;15-02-2025
777282687696337;true;false;15-02-2025
JT5351575822392;true;false;15-02-2025
JT5351112027063;true;false;15-02-2025
JT5351545452091;true;false;15-02-2025
JT5351342477273;true;false;15-02-2025
434419976198998;true;false;15-02-2025
JT5351292542969;true;false;15-02-2025
JT5351262325756;true;false;15-02-2025
JT5351331144325;true;false;15-02-2025
464179887179035;true;false;15-02-2025
464179512748870;true;false;15-02-2025
464177830730256;true;false;15-02-2025
464170507624511;true;false;15-02-2025
464177048546436;true;false;15-02-2025
777282955270248;true;false;15-02-2025
464180202236208;true;false;15-02-2025
464179937762196;true;false;15-02-2025
434418056837982;true;false;15-02-2025
777283157809818;true;false;15-02-2025
464178125560330;true;false;15-02-2025
464178682774854;true;false;15-02-2025
JT5351267198670;true;false;15-02-2025
464178790895121;true;false;15-02-2025
JT5351520277973;true;false;15-02-2025
464176695979821;true;false;15-02-2025
9804984874088;true;false;15-02-2025
777283102979775;true;false;15-02-2025
JT5351471851278;true;false;15-02-2025
777282938846234;true;false;15-02-2025
JT3108961590319;true;false;15-02-2025
JT5351287883117;true;false;15-02-2025
777283194385500;true;false;15-02-2025
777282947979634;true;false;15-02-2025
777283043389355;true;false;15-02-2025
777282950190222;true;false;15-02-2025
777282634528595;true;false;15-02-2025
YT8737048858977;true;false;15-02-2025
777283000336502;true;false;15-02-2025
777282897085464;true;false;15-02-2025
YT8738016661601;true;false;15-02-2025
9805005240288;true;false;15-02-2025
YT8737042194839;true;false;15-02-2025
777283135717318;true;false;15-02-2025
777282792061507;true;false;15-02-2025
JT5351435888217;true;false;15-02-2025
JT5351331282750;true;false;15-02-2025
JT5351533884316;true;false;15-02-2025
JT5351441853999;true;false;15-02-2025
JT5351318443121;true;false;15-02-2025
JT5351411346028;true;false;15-02-2025
777283042886835;true;false;15-02-2025
JT5351438149119;true;false;15-02-2025
JT3108948904794;true;false;15-02-2025
777282930119403;true;false;15-02-2025
777282993292302;true;false;15-02-2025
777282992241346;true;false;15-02-2025
777282779062940;true;false;15-02-2025
777283003560155;true;false;15-02-2025
777282537974645;true;false;15-02-2025
777282794710514;true;false;15-02-2025
777282703325204;true;false;15-02-2025
JT5351368880492;true;false;15-02-2025
777282572062835;true;false;15-02-2025
777283042936650;true;false;15-02-2025
777282662930029;true;false;15-02-2025
YT8737927468187;true;false;15-02-2025
YT8737347877388;true;false;15-02-2025
YT8738046861534;true;false;15-02-2025
YT8738009871121;true;false;15-02-2025
YT7525226886754;true;false;15-02-2025
YT8738115765363;true;false;15-02-2025
YT8738042453043;true;false;15-02-2025
YT8738009437891;true;false;15-02-2025
YT8738081912499;true;false;15-02-2025
YT8738043003588;true;false;15-02-2025
777283109496026;true;false;15-02-2025
777282941100902;true;false;15-02-2025
777282954328462;true;false;15-02-2025
YT8738096334691;true;false;15-02-2025
YT8738066869963;true;false;15-02-2025
YT8738016406099;true;false;15-02-2025
464162133434873;true;false;15-02-2025
464180214397051;true;false;15-02-2025
9805003200896;true;false;15-02-2025
777282623874134;true;false;15-02-2025
777282683585649;true;false;15-02-2025
464177088028132;true;false;15-02-2025
777283047024920;true;false;15-02-2025
777282722422524;true;false;15-02-2025
777282770535021;true;false;15-02-2025
78482288456074;true;false;15-02-2025
777282633411159;true;false;15-02-2025
464176684887156;true;false;15-02-2025
8258021764811;true;false;15-02-2025
JYM188023732041;true;false;15-02-2025
9805015569085;true;false;15-02-2025
9804980389067;true;false;15-02-2025
9804992892275;true;false;15-02-2025
YT8737398836762;true;false;15-02-2025
9804974557815;true;false;15-02-2025
78482165105124;true;false;15-02-2025
464179239876020;true;false;15-02-2025
78482290979175;true;false;15-02-2025
464179857566418;true;false;15-02-2025
464180621563339;true;false;15-02-2025
464179558457073;true;false;15-02-2025
9804979440935;true;false;15-02-2025
464179469904560;true;false;15-02-2025
464176078238771;true;false;15-02-2025
464169187764247;true;false;15-02-2025
464176876346698;true;false;15-02-2025
SF3168649287355;true;false;15-02-2025
9804994111616;true;false;15-02-2025
SF0267572454660;true;false;15-02-2025
SF2043359260471;true;false;15-02-2025
464179573264365;true;false;15-02-2025
9804953167030;true;false;15-02-2025
464179653136514;true;false;15-02-2025
464180701706800;true;false;15-02-2025
9805003036128;true;false;15-02-2025
9804967096079;true;false;15-02-2025
464179602908707;true;false;15-02-2025
464180611694903;true;false;15-02-2025
9804977558263;true;false;15-02-2025
9805009328534;true;false;15-02-2025
9804992232739;true;false;15-02-2025
9804996744722;true;false;15-02-2025
9804996439287;true;false;15-02-2025
9805009386821;true;false;15-02-2025
9804995766956;true;false;15-02-2025
464170262936733;true;false;15-02-2025
9805011721267;true;false;15-02-2025
9805007036083;true;false;15-02-2025
9805010210106;true;false;15-02-2025
9804903592455;true;false;15-02-2025
9804908834575;true;false;15-02-2025
78482202943526;true;false;15-02-2025
464177308560493;true;false;15-02-2025
9804998334964;true;false;15-02-2025
9804966726283;true;false;15-02-2025
9805011376286;true;false;15-02-2025
YT8737351313714;true;false;15-02-2025
78482663556078;true;false;15-02-2025
78482520099836;true;false;15-02-2025
78482154605774;true;false;15-02-2025
YT8737370295590;true;false;15-02-2025
YT8738248111792;true;false;15-02-2025
78482483654192;true;false;15-02-2025
78482199099506;true;false;15-02-2025
464180980692310;true;false;15-02-2025
78482435990639;true;false;15-02-2025
78482666169045;true;false;15-02-2025
YT8737287184420;true;false;15-02-2025
78482609562884;true;false;15-02-2025
78482667731615;true;false;15-02-2025
78481964535028;true;false;15-02-2025
9804974928585;true;false;15-02-2025
78482202538246;true;false;15-02-2025
78482132907614;true;false;15-02-2025
YT8738247622358;true;false;15-02-2025
YT8737468366878;true;false;15-02-2025
78482260094903;true;false;15-02-2025
78482489396114;true;false;15-02-2025
YT8737254663235;true;false;15-02-2025
YT8737357335374;true;false;15-02-2025
78482160062788;true;false;15-02-2025
YT8737391607802;true;false;15-02-2025
78482256634118;true;false;15-02-2025
78482514930627;true;false;15-02-2025
YT8737331520282;true;false;15-02-2025
YT8737501929400;true;false;15-02-2025
YT8738051958993;true;false;15-02-2025
78482308923306;true;false;15-02-2025
YT8737347724476;true;false;15-02-2025
YT8737543509460;true;false;15-02-2025
78482488900952;true;false;15-02-2025
78482598943003;true;false;15-02-2025
78481840465652;true;false;15-02-2025
YT8737964752988;true;false;15-02-2025
78482090908669;true;false;15-02-2025
YT8738186753087;true;false;15-02-2025
78482241516832;true;false;15-02-2025
78482168152301;true;false;15-02-2025
78482570161306;true;false;15-02-2025
78482416952868;true;false;15-02-2025
YT8737374990240;true;false;15-02-2025
YT8738249002011;true;false;15-02-2025
YT8737387498373;true;false;15-02-2025
78482289485868;true;false;15-02-2025
YT8737965954736;true;false;15-02-2025
YT8737288102001;true;false;15-02-2025
YT8737398587004;true;false;15-02-2025
YT8737398576802;true;false;15-02-2025
78482506166096;true;false;15-02-2025
78880213635165;true;false;15-02-2025
